tweet,business,entertainment,health,politics
Uber Is Under Investigation By the Justice Department,1,0,0,0
Let Your Employees Make Big Decisions,1,0,0,0
CEO's/Managers: What wellness activity did work out for you to increase your employees performance?,1,0,0,0
American Apparel Will Put Made-in-the-USA Advocates to the Test,1,0,0,0
Hi! I have a question about trademarks/patents for internet/app businesses,1,0,0,0
A tale of intelligent markets: You get what you pay for,1,0,0,0
"About how long can you expect a medium size gym take to cover expenses and start making a profit after opening? Also, are most small business loans setup to give you time to make a profit before you have to make payments? Thanks for any help, I'm have to write a business plan for class.",1,0,0,0
HSBC spends more on fighting financial crime as profits fall by 19%,1,0,0,0
Watch: Family with two young children booted off of Delta flight for the dumbest of reasons,1,0,0,0
Fox News hit with another gender discrimination lawsuit,1,0,0,0
New York City bans employers from requesting salary history,1,0,0,0
"JP Morgan &amp; Chase to move to approx. 500 jobs to Dublin from London - Morgan Stanley, Goldman Sachs, and Barclays are also considering Ireland as country for relocation from London.",1,0,0,0
"As Trump Promotes Manufacturing, It’s Tech Jobs That Offer the Best Opportunity",1,0,0,0
Is China the World's New Colonial Power?,1,0,0,0
"5 Big Data Examples In Your Real Life At Bars, Restaurants, and Casinos",1,0,0,0
Oil prices fall amid fears for the global outlook,1,0,0,0
Apple launches new website touting contributions to United States economy,1,0,0,0
"The Gender Pay Gap: Misconstructed, Misunderstood, and Very Real — ""it is when saying that women earn paid 77 percent of what a man earns for the same work that this number becomes exceedingly controversial — because it is simply not true.""",1,0,0,0
Is this a sustainable business plan?,1,0,0,0
"SEC Approves 4x Leveraged ETFs, Dubbed ‘Market Crack’",1,0,0,0
Tesla plugs older Model S as new buyers turn to Model 3,1,0,0,0
"Subway, Ruby Tuesday embrace reform for chickens raised for meat",1,0,0,0
What does marketing fingerprinting mean?,1,0,0,0
Office Perks Are Dumb,1,0,0,0
I will make you a e-commerce website with Shopify for free!,1,0,0,0
Mastering the digital advantage in transforming customer experience,1,0,0,0
"Some Cling to landlines, but cell-only homes now dominate",1,0,0,0
The Fiscal Conservative Argument For Universal Healthcare,1,0,0,0
Alternative fuel vehicles on the rise in Europe,1,0,0,0
Marketing Tent Rental Company Help,1,0,0,0
Can Wal-Mart’s Expensive New E-Commerce Operation Compete With Amazon?,1,0,0,0
Viacom beats estimates but faces distribution headwinds,1,0,0,0
U.S. labor market tightening; productivity weakens in first quarter,1,0,0,0
Apple Misses Revenue Estimates But Remains Optimistic,1,0,0,0
"After Meeting with Trump, Apple CEO to Invest 1 Billion into Manufacturing",1,0,0,0
The Online Marketplace That’s a Portal to the Future of Capitalism,1,0,0,0
A Look Inside Airbus's Epic Assembly Line,1,0,0,0
Renegotiating a Lease w/ billion dollar company,1,0,0,0
"Defer College, A Good Trend for All",1,0,0,0
Warren Buffett's wish List,1,0,0,0
Nokian Tyres to build factory in US,1,0,0,0
Why J. Crew’s Vision of Preppy America Failed - The New Yorker,1,0,0,0
JPMorgan to Move Hundreds of Staff to Three EU Offices on Brexit,1,0,0,0
Starbucks expands rewards program at grocery stores,1,0,0,0
"Kraft Heinz to cut jobs, shutter factories under integration plan",1,0,0,0
5 Ways To Acquire New Customers,1,0,0,0
Doing a new startup...some advice?,1,0,0,0
Business school questions.,1,0,0,0
Facebook - Facebook Reports First Quarter 2017 Results,1,0,0,0
"Facebook Inc (FB) Smashes Earnings, Revenue Estimates in a good agreement with this bullish $FB forecast issued a week ago",1,0,0,0
Apple Buys More Company Debt Than World's Biggest Bond Funds,1,0,0,0
"Herbalife CEO talks about obesity, vindication at Milken Conference",1,0,0,0
"Big Beer Is Back as European Economy Boosts AB InBev, Carlsberg",1,0,0,0
"U.S. Auto Boom Seems to Be History, Just as Trump Counted on Jobs",1,0,0,0
April 2017 Stock Market Contest Results: The Winner is ehs4290 with short GBT pick and 21.44% return in 1 month!,1,0,0,0
Apple’s supplier battles intensify as Imagination Technologies files formal dispute,1,0,0,0
GM will rent the Chevy Bolt to Uber and Lyft drivers,1,0,0,0
7 USEFUL TIPS TO INCREASE YOUR CHANCES OF BEING SUCCESSFUL AT STARTING YOUR OWN BUSINESS.,1,0,0,0
What Is Washington Doing to Our 401(k) Tax Break?,1,0,0,0
How our obsession with being busy is wrecking women's lives,1,0,0,0
Looking for Best Non Stick Pan?,1,0,0,0
"U.S. Auto Boom Seems to Be History, Just as Trump Counted on Jobs",1,0,0,0
"United CEO, airline execs face latest group of unhappy customers: Congress",1,0,0,0
What is the most efficient way of driving traffic to an online store?,1,0,0,0
Stop Using Infosys As A Scapegoat For America's H1B Visa Abuses,1,0,0,0
Any thoughts on BNI?,1,0,0,0
"Interview with Gish Jen, Author of The Girl at the Baggage Claim",1,0,0,0
New York Times Co. Reports Rising Digital Profit as Print Advertising Falls,1,0,0,0
Remember that airline worker who almost hit a baby? Here's what really happened.,1,0,0,0
"Business wins, 'clobbered' Philippines environment chief says after ouster",1,0,0,0
"Major Beef Supplier, Cargill, Sold Off Their Last U.S. Feedlots to Invest in Plant-Based Proteins",1,0,0,0
Google and Facebook are driving nearly all growth in the global ad market,1,0,0,0
Facebook closing in on 2 billion users,1,0,0,0
"What is Going On At Fox News, And Could It Affect Sky Bid? The Murdoch's Attempt To Increase Media Control In The UK",1,0,0,0
Apple's dilemma: what to do with $256 bn cash pile,1,0,0,0
"How Suze Orman SCAMMED the World. How many con artists are allowed to blast through the media landscape, telling blatantly false lies and getting some of the top journalists and media figures in the U.S to knowingly or unknowingly con and steal from the public on their behalf?",1,0,0,0
AMD is down by 25% since this AI-based 1 month forecast but it is bullish on AMD in the long,1,0,0,0
"Groupon shares drop on Q1 revenue miss, shutters businesses in 11 more markets",1,0,0,0
No Fed rate hike; but officials see more ahead,1,0,0,0
Etsy Targeted by Black-and-White for Review Including a Sale,1,0,0,0
Apple posts Q2 earnings: Revenue of $52.9 billion as iPhone sales slide yet again,1,0,0,0
"Infosys, an Indian Outsourcing Company, Says It Will Create 10,000 U.S. Jobs",1,0,0,0
How to price products made by automation,1,0,0,0
Decoding Amazon's Fashion Ambitions,1,0,0,0
Who are Etsy's biggest Competitors?,1,0,0,0
Theranos settles “series of lies” lawsuits from investor that chipped in $96M,1,0,0,0
China clamps down on online news with new security rules,1,0,0,0
Double majoring in computer science and risk management?,1,0,0,0
Apple's iPhone sales in surprise fall - BBC News,1,0,0,0
Greg Morris - Questionable Practices. The Michael Jordan of trend following.,1,0,0,0
US Consumer Spending Stalls for Second Month,1,0,0,0
Retailers Scrambling To Adjust To Changing Consumer Habits,1,0,0,0
GOP congressman on Obamacare replacement: 'I don't think any individual has read the whole bill',1,0,0,0
Venezuela Is Heading for a Soviet-Style Collapse,1,0,0,0
Apple plans to spend $1 billion to support advanced manufacturing jobs in the U.S.,1,0,0,0
"Bitcoin soars to all-time high near $1,500",1,0,0,0
Why Germany Still Has So Many Middle-Class Manufacturing Jobs,1,0,0,0
This $2.5 million Palo Alto teardown shows how coastal housing policy has gone wrong,1,0,0,0
"The Missing ""One-Offs"": The hidden supply of high achieving, low income students",1,0,0,0
How the Affordable Care Act Drove Down Personal Bankruptcy: Expanded health insurance helped cut the number of filings by half,1,0,0,0
"China Wants Fish, So Africa Goes Hungry",1,0,0,0
Congress Passes Obamacare Repeal,1,0,0,0
"Kraft Heinz to cut 5,150 jobs, shutter factories under integration plan",1,0,0,0
Honduras: Automotive Spare Parts Business Grows 15%,1,0,0,0
Baumol Cost Disease Explained.,1,0,0,0
Most U.S. Homes Are Worth Less Than Before the Crash,1,0,0,0
EU eying rules that could move thousands of jobs from London,1,0,0,0
How Big is the Gap Between Renting and Buying a House in Your State?,1,0,0,0
India's Silicon Valley is dying of third. Your city may be next - Indians said they wanted to be the next global tech power. They don't have any water anymore.,1,0,0,0
"China Wants Fish, So Africa Goes Hungry - 90% of fisheries are now exploited or facing collapse. But for China, that's not enough. China commands a fleet of 2600 vessels, 10 times larger than the US fleet, and they are acting like thieves. American Corporations are helping them rob Africans",1,0,0,0
"Shake Shack Confirms Worst 'Minimum-Wage-Hike' Fears - ""It's Going Up Too Fast... We Can't Catch Our Breath""",1,0,0,0
President Trump agrees to end import ban on lemons from Argentina,1,0,0,0
U.S. fashion chain Express to shut all 17 stores in Canada,1,0,0,0
IMF:Taking Stock : Who Benefited from the Oil Price Shocks?(PDF),1,0,0,0
The House just passed a bill that affects overtime pay,1,0,0,0
Puerto Rico Files For Biggest Ever U.S. Local Government Bankruptcy,1,0,0,0
"For the Sake of the Economy, Don't Have a Baby Until You're Financially Ready - NinetyFund",1,0,0,0
The global economic costs from climate change may be worse than expected,1,0,0,0
Apple Announces $1 Billion Fund For U.S. Manufacturing Jobs – Is $230 Billion Repatriation Deal Next?,1,0,0,0
ECB: Flow effects of central bank asset purchases on euro area sovereign bond yields: evidence from a natural experiment (PDF),1,0,0,0
One Productivity Problem: We're Only Human,1,0,0,0
Skilled Trades Belong In Canada's Innovation Conversation,1,0,0,0
"Tesla's revenue more than doubles, helped by record deliveries",1,0,0,0
Why some experts want the US to adopt a VAT and other tax lessons from around the world,1,0,0,0
The science of inequality: why people prefer unequal societies,1,0,0,0
"As Trump reverses climate actions, California considers blending cap-and-trade with fee-and-dividend",1,0,0,0
Markets worry more about political turmoil than autocracy -- The response to Turkey’s referendum result is the latest example,1,0,0,0
Time for the next big gamble for Modi: Tax rich farmers,1,0,0,0
Puerto Rico requests bankruptcy protection for public debt,1,0,0,0
Catalonia region introduces “soda tax” on sugary drinks,1,0,0,0
"Urban Farmer leases people's yards to grow crops, makes good money",1,0,0,0
Puerto Rico Files for Historic $70 Billion Debt Restructuring,1,0,0,0
Union decline and rising inequality in two charts,1,0,0,0
US housing wealth is growing for the oldest and wealthiest Americans,1,0,0,0
"B.C. premier can't impose thermal coal tax, says Rachel Notley",1,0,0,0
They do not see value in their own companies!' — Corporate executives are selling stocks in droves,1,0,0,0
"Hey renters, these are the states that will save you the most money",1,0,0,0
Service Industries in U.S. Expand at Faster Pace Than Projected,1,0,0,0
Shifting Incomes for Young People: Education seems to matter more than 50 years ago,1,0,0,0
Millennials don’t switch jobs any more than Gen Xers did,1,0,0,0
Why jobs are going unfilled in a country with 18% unemployment,1,0,0,0
What happens when Home Capital Group fails? Will the housing bubble burst?,1,0,0,0
Japan pursues currency swaps with ASEAN members,1,0,0,0
"Consumption vs. GDP - USA has highest consumption, lower GDP per capita then Norway, Switzerland and Luxembourg.",1,0,0,0
United's stock price has now recovered.,1,0,0,0
"Home prices will not fully recover until 2025, and a new report explains why",1,0,0,0
San Francisco considers charging proportional fines based on income,1,0,0,0
A $59 billion investor just issued a dire warning about the retail apocalypse,1,0,0,0
California Squashes Its Young: The Golden State’s suffocating economic policies are driving out a new generation.,1,0,0,0
No Fed rate hike; but officials see more ahead,1,0,0,0
Destroying Gender Inequality In The Workplace,1,0,0,0
"The higher the inequality, the more likely we are to move away from democracy'",1,0,0,0
How would stagflation in the US impact the yield curve?,1,0,0,0
Atlanta Fed sees U.S. second quarter GDP growing at 4.3 percent,1,0,0,0
"Canadians spent $22.1B on alcohol last year, StatsCan says",1,0,0,0
"Finally, A Sensible Democrat On The Minimum Wage - Don't Raise It, Use The EITC Instead",1,0,0,0
German unemployment at historic lows,1,0,0,0
London tries to lure Saudi Aramco with new listing structure,1,0,0,0
How much taxes do US tech giants actually pay?,1,0,0,0
The Impact of IT on the Labor Market [pdf],1,0,0,0
Skippy peanut butter no longer for sale in Canada; fans stockpiling last jars,1,0,0,0
"Robots Are Not Only Replacing Workers, They're Also Lowering the Wages of Those With Jobs",1,0,0,0
US growth rate hits three-year low - BBC News,1,0,0,0
MIT: Diffusion of Academic R&amp;D Capabilities as an Industrial Innovation Policy - The Development of Israel's IT Industry (PDF),1,0,0,0
"Melting Arctic Ice will open new shipping routes between North America, Europe, and East Asia in the 2040s",1,0,0,0
The Changing Economics and Demographics of Young Adulthood From 1975 to 2016,1,0,0,0
AMD Stock on Course for Worst Day in More Than a Decade,1,0,0,0
Five countries sit on 90 percent of cash injected by ECB: study,1,0,0,0
Auto Sales in U.S. having been falling over past few months.,1,0,0,0
Tax Reform and Savings: Lessons from Canada and the United Kingdom,1,0,0,0
The Absurd Amount of Entitlements That Go to Rich People,1,0,0,0
Will robots take over your job by 2030?,1,0,0,0
Why Predatory Pricing Is Highly Unlikely,1,0,0,0
Where Did All the Men Go? The rise of the unworking.,1,0,0,0
San Francisco is considering a once unthinkable measure to offset the threat of job-killing robots,1,0,0,0
The Kansas Experiment,1,0,0,0
‘Boring’ Canada gripped by concerns Home Capital spiral will trigger a crisis,1,0,0,0
"Venezuelan President Proposes to Freeze All Commodity, Service Prices",1,0,0,0
"Soda Tax Will Include Diet Products Because Equity, Say Mayor and Councilmembers",1,0,0,0
Bitcoin skyrockets to fresh record high on a spike in demand from Japan,1,0,0,0
"Tomgram: Nomi Prins, All in the Family Trump",1,0,0,0
"Trump Weighs Breaking Up Wall Street Banks, Raising U.S. Gas Tax",1,0,0,0
Why the Phrase 'Late Capitalism' Is Suddenly Everywhere,1,0,0,0
IZA World of Labor - Working-time autonomy as a management practice,1,0,0,0
Buddhist Economics | Schumacher Center For New Economics,1,0,0,0
Trillion Dollar Economies,1,0,0,0
WestJet orders 10 Dreamliners for longer-range routes,1,0,0,0
Private Seller or LLC on 3rd Party Ecommerce Marketplace,1,0,0,0
A Homebuying Calculator for Millennials: Does That Add Up?,1,0,0,0
Stocks linked to Chinese insurer Anbang fall after report on company's murky structure,1,0,0,0
"Hota to Open Automated Car Parts Plant, Eliminate Labor",1,0,0,0
Xbox chief envisions a Netflix model for narrative games,1,0,0,0
Investment Banking Aspirant’s Guide to Debt Financing,1,0,0,0
Career in Investment banking? Need advice,1,0,0,0
Best Degree option?,1,0,0,0
Top 30 Investment Banking Employers for You!,1,0,0,0
"Lies, Damn Lies, and Financial Statistics",1,0,0,0
Finance Career Aspirants Guide on How to Value a Private Company,1,0,0,0
How to Create an LBO Model without Losing Your Mind?,1,0,0,0
My book #BreakIntoVC (#1 on Amazon) walks you through getting a job in VC,1,0,0,0
"What Do Analysts, Associates, MDs, and VPs Do in an Investment Bank?",1,0,0,0
IB alternatives until next fall?,1,0,0,0
The Definitive Review Guide to Chandoo’s Excel Courses,1,0,0,0
What to Expect in Equity Research Interview?,1,0,0,0
Connect Without Leaving Your Desk: A Banker’s Guide to LinkedIn Networking,1,0,0,0
DRUG SCREEN,1,0,0,0
Good sources for IBD preparation?,1,0,0,0
The Complete Guide to Becoming a Private Wealth Manager,1,0,0,0
Free logo tool for PPT,1,0,0,0
The Guide to Creating an Excel Model for Precedent Transactions Analysis,1,0,0,0
Guide to Using Excel for Feasibility Studies l Net Present Value,1,0,0,0
The Guide to Basic Finance l Introduction to Financial Statements,1,0,0,0
FinanceWalk Excel Guides: What If Analysis l Goal Seek l Scenario Manager,1,0,0,0
How to Change the Data Format in Excel?,1,0,0,0
Got a call from an IB after recruiting season - what to expect?,1,0,0,0
A Practical Guide to the Best Banking and Finance Courses,1,0,0,0
How To Become An Investment Banker?,1,0,0,0
"Algo-trading, Your experiences?",1,0,0,0
"I heard the hours for investment banking were horrible, how true is this and how long does it last for?",1,0,0,0
"Is it possible for a student who is majoring in Computer Science and Corporate Finance, to work as an Investment Banker?",1,0,0,0
Who should I consult?,1,0,0,0
"Learn about What ii Betterment, Wealthfront and Vanguard and Which are Good Investment Options?",1,0,0,0
Career Moves after Sell Side M&amp;A Investment Banking,1,0,0,0
The Practical Guide to Create a Financial Model for Your Startup,1,0,0,0
Front vs. Middle vs. Back Office: Which Investment Banking Path Should You Cross?,1,0,0,0
"Great networking event that I attended last year - including workshops and a career fair with Goldman Sachs, Morgan Stanley, BCG and many more.",1,0,0,0
"Just published a guide to all the technical knowledge you need before your IBD interview... you DONT have to be a finance major to do well, you just have to understand these concepts. If you dont understand what an investment bank is, then there's a post on that too",1,0,0,0
Can a Computer Science and Economics major get a job at an investment bank?,1,0,0,0
Target School,1,0,0,0
"Know When to Open a Savings, Time Deposit, and UITF Account",1,0,0,0
Banks turn to blockchain technology to cut costs and increase efficiency,1,0,0,0
Altcoin Price Update: Privacy Coins And Big Movers,1,0,0,0
Goodbody plots UK assault with new investment banking unit,1,0,0,0
What's in a Real Estate Private Equity Case Study?,1,0,0,0
How to Short a Stock? 4 Awesome Ways to Identify It,1,0,0,0
How Much Money Does an Investment Advisor make?,1,0,0,0
A Day in the Life of a Hedge Fund Analyst,1,0,0,0
Private Equity Outlook from Industry Titans,1,0,0,0
BIWS Premium Course: Financial Modeling Course Review,1,0,0,0
Inside the Private Equity Game (2009) NYT documentary about how Private Equity works and explores the Simmons Mattress deal. The documentary was released on the New York Times. The article was written by Julie Creswell. http://www.nytimes.com/2009/10/05/bus...,1,0,0,0
Private Equity: Perspectives of Limited and General Partners - Jean-Marc...,1,0,0,0
10 Most Influential Stock Analysts You Can Learn Your Lessons From,1,0,0,0
Money market funds can be just as systemically dangerous.,1,0,0,0
Definitely worth a visit. Had the chance to network with great companies like Berenberg and BCG.,1,0,0,0
Could anyone help me with this?,1,0,0,0
"Canadians adore Mexican avocados, but prices are taking off",1,0,0,0
How is the market value of a mutually owned life insurance company determined?,1,0,0,0
3 Strategies for enhancing Collaborative Innovation with Suppliers.,1,0,0,0
7 wild predictions Bill Gates has made that could come true,1,0,0,0
Oil Collapses to $45 as U.S. Shale Output Confounds OPEC Cuts,1,0,0,0
Hong Kong could become the next 'demographic time bomb',1,0,0,0
IMF Group Report: Ukraine cannot survive without increases in credits,1,0,0,0
"How a barbaric, unknown chicken industry practice got exposed and nearly eliminated in weeks",1,0,0,0
Shake Shack shares fall after sales go cold - BBC News,1,0,0,0
Adidas' Fashion Focus Helps it Gain Ground on Nike in US,1,0,0,0
"[France] Does the FN have an economic strategy?, by Renaud Lambert",1,0,0,0
"Citi, Goldman Blame Oil Plunge on ‘Technicals’, Supply Tightening",1,0,0,0
Unemployment hits 10-year low as jobs report shows rebound for US economy,1,0,0,0
7 Easy Ways to Get Your Team to Hate Their Jobs,1,0,0,0
Business relief from Arizona minimum-wage hike looking more remote,1,0,0,0
Warren Buffett says he dumped a third of his IBM stock,1,0,0,0
California plans for collecting taxes on spaceflight,1,0,0,0
TV Station Owners Rush to Seize on Relaxed F.C.C. Rules,1,0,0,0
Fed-Up Advertisers Stop Paying More For Smaller TV Audiences,1,0,0,0
Why the Retail Crisis Could Be Coming to American Groceries,1,0,0,0
Adidas: The Story Behind One of the Greatest Comebacks in Marketing History,1,0,0,0
"The incredible life and career of Warren Buffett, the billionaire every investor looks to for inspiration",1,0,0,0
"US adds 211,000 jobs in April",1,0,0,0
I'm going to open a neighborhood pizza restaurant some day. What advice do you have to ensure it will be a success?,1,0,0,0
How things got ugly for some of Japan's biggest brands,1,0,0,0
The Power of Three: Organizational Training &amp;amp; Development,1,0,0,0
Apple to (sort of) put $1 billion into US manufacturing jobs,1,0,0,0
Intel Reports Record Earnings For First Quarter,1,0,0,0
Classic American Cars: Is There a Fortune in Your Garage?,1,0,0,0
Competing for the World - Jeff Immelt - Chairman and CEO at GE,1,0,0,0
Apple leans on apps as iPhone sales stall in China,1,0,0,0
Credit option for those with credit score below 660,1,0,0,0
"In 2016, Apple was the largest single taxpayer in the United States, paying $15.8 Billion at an effective rate of 25.8%",1,0,0,0
Venezuela Is Starving [WSJ],1,0,0,0
Yellen Says More Women in U.S. Workforce Would Help Boost Growth,1,0,0,0
Fed-Up Advertisers Stop Paying More for Smaller TV Audiences,1,0,0,0
How Zombie Companies Stop Productivity Growth,1,0,0,0
"Starting in March 2010 and continuing through April 2017, there have been 86 consecutive months of payroll gains for waiters and bartenders - total sector job gains over past 7 years have amounted to 2.3 million, just under 15% of total 16.3 million new jobs created by the US over the past 86 months",1,0,0,0
Questionable crash indicator 'Hindenburg Omen' was triggered this week,1,0,0,0
Warren Buffett’s Berkshire Hathaway Reports Drop in Net Earnings,1,0,0,0
Do Saudi Arabia And Russia Really Want Higher Oil Prices?,1,0,0,0
"Since the election - Coal ETFs down 2%, Clean Energy ETFs up 11%",1,0,0,0
"Unemployment rate drops to lowest level in a decade in April as economy adds 211,000 jobs",1,0,0,0
Four (more) arguments against real-world basic income,1,0,0,0
Monetary Policy Medicine (a refresher after the latest FOMC meeting),1,0,0,0
"U.S. job growth rebounds sharply, unemployment rate hits 4.4 percent",1,0,0,0
An Economic Analysis of the Jones Act,1,0,0,0
Is Warren Buffett Losing His Touch after his bet on IBM?... And what does it mean for your money?,1,0,0,0
New Harvard Study Shows Raising The Minimum Wage Hurts The Poor,1,0,0,0
Just in case … Here’s what will happen to markets on Monday if Le Pen wins,1,0,0,0
Insights into high frequency trading from the Virtu initial public offering [pdf],1,0,0,0
Top 10 Countries (OECD) with the fastest growing income inequality,1,0,0,0
"I love the thought of being a consultant, but hate traveling. what sort of job should I look for instead?",1,0,0,0
Tesla's valuation raises grim reminders of the dot-com bubble,1,0,0,0
App Ideas &amp; Development,1,0,0,0
Former Wells Fargo workers say they targeted immigrants and Native Americans,1,0,0,0
"Gymboree, Rue 21 Possibly Next Retailers to File Chapter 11",1,0,0,0
US jobs growth accelerates in April,1,0,0,0
Strawberry scientist is sued over the fruits of his research,1,0,0,0
Jobless Rate at 10-Year Low as Hiring Grows and Wages Rise,1,0,0,0
"Five well-funded competitors challenging Instagram in 2017, including Kuaishou",1,0,0,0
"Watch the Hands, Not the Cards — The Magic of Megabrew Acquisitions Of craft Breweries",1,0,0,0
What Will Happen to BRK After Buffett?,1,0,0,0
The AHCA still does not address the drivers of market inefficiencies,1,0,0,0
"Case Farms Took Advantage of Immigrant Workers, Then Used U.S. Immigration and Labor Law Against Them When They Got Hurt or Fought Back",1,0,0,0
She fixed Ukraine's economy -- and was run out of her job by death threats,1,0,0,0
How is the economy really doing? (CNN) - NinetyFund,1,0,0,0
Airfare battle heats up with $149 flights from US to Europe,1,0,0,0
"Economic Change Is Slow to Come to South Los Angeles. Twenty-five years after the riots, community leaders and entrepreneurs are still trying to revive local economy as poverty persists",1,0,0,0
How to make a carbon tax insanely popular,1,0,0,0
Insurance dampens billionaire Buffett's Berkshire results before annual meeting,1,0,0,0
Chart: The Downfall of Canada’s Largest Alternative Mortgage Lender,1,0,0,0
"Four ‘Game Of Thrones’ Universe Series In Works At HBO With George R. R. Martin, Dan Weiss &amp; David Benioff",0,1,0,0
Goldie Hawn and Kurt Russell get their Hollywood stars together,0,1,0,0
Feds’ Probe Into Fox News Widens,0,1,0,0
"Mario Maglieri, Sunset Strip's Rainbow and Whisky a Go Go Owner, Dead at 93",0,1,0,0
How Brad Pitt fixed his image problem with one interview,0,1,0,0
This Magazine Had to Apologize for Comparing How the Olsen Twins Were Aging in Relation to Nicki Minaj,0,1,0,0
Justin Bieber’s Weirdly Specific Tour Rider Demands Put Other Pop Stars To Shame,0,1,0,0
"Fyre Festival organizers blew all their money months early on models, planes, and yachts",0,1,0,0
Kim Zolciak-Biermann offers up oral sex to meet John Legend,0,1,0,0
Alanis Morissette’s ex-manager gets 6 years in prison for stealing millions from her,0,1,0,0
Joe Scarborough and Mika Brzezinski of ‘Morning Joe’ Are Engaged,0,1,0,0
Stephen Colbert to Stage a Daily Show Reunion,0,1,0,0
Darth Vader Costume Leads to Wisconsin High School Evacuation on Star Wars Day,0,1,0,0
Stephen Colbert Sets Date &amp; Details For ‘Daily Show’ Reunion Episode,0,1,0,0
The Beta Block Episode 52 (All things Entertainment),0,1,0,0
"Michael Cera, Spike Jonze, More Joining Season 2 of 'Homecoming' Podcast",0,1,0,0
Who let this Brad Pitt fashotainment shoot happen?,0,1,0,0
The real story of documentary queen Sheila Nevins,0,1,0,0
"Radiohead once nixed a song for being too catchy, which is so perfectly Radiohead",0,1,0,0
Stephen Colbert responds to #FireColbert backlash,0,1,0,0
Man gets 2 years in prison for claiming he created Kung Fu Panda,0,1,0,0
New Defenders trailer,0,1,0,0
Former Congressman Joe Walsh Slammed for Mocking Jimmy Kimmel's Son's Heart Surgery,0,1,0,0
"Martin Shkreli Leaks 2 Lil Wayne 'Carter V' Tracks, One Features Kendrick Lamar",0,1,0,0
"Jeopardy,' 'Wheel of Fortune' Renewed for Two More Seasons",0,1,0,0
"Read This: Brad Pitt is sick of being Brad Pitt · Great Job, Internet! · The A.V. Club",0,1,0,0
"Johnny Depp doesn’t even bother learning his lines, ex-managers claim",0,1,0,0
‘The Handmaid’s Tale’ Renewed for Season 2 at Hulu,0,1,0,0
Radiohead reveal why 'Lift' never made it onto 'OK Computer',0,1,0,0
TBS is celebrating May the 4th with an all-day Star Wars marathon,0,1,0,0
Stephen Fry has a great idea for a modern day 'Sherlock' mystery,0,1,0,0
Todd Haynes’ ‘Wonderstruck’ Scores Oscar Season Release (EXCLUSIVE),0,1,0,0
Hollywood reaches deal to avoid another writers’ strike,0,1,0,0
The Eagles sue Hotel California,0,1,0,0
"Brad Pitt Talks Divorce, Quitting Drinking, and Becoming a Better Man",0,1,0,0
The lawsuits just keep coming at Fox News,0,1,0,0
‘Malcolm in the Middle’ star is binging his own show,0,1,0,0
"Fox sends Pitch back to the dugout, ends show after one season · Newswire · The A.V. Club",0,1,0,0
"At 84, Carol Burnett ready for return to TV comedy full-time",0,1,0,0
Jimmy Kimmel tearfully reveals son's health crisis,0,1,0,0
Blur v Oasis: the Britpop battle remains as contrived and cynical as ever,0,1,0,0
Who Killed Jimi Hendrix?,0,1,0,0
"WGA, AMPTP Reach Deal, Averting Strike Threat",0,1,0,0
"Sean Hannity Eyes Fox News Exit, Insiders Say",0,1,0,0
Ryan Reynolds Wins Husband of the Year With His Sweet Words About Blake,0,1,0,0
Jurassic Park and the Major Mistake of Monster Movies,0,1,0,0
"Sources: WGA, AMPTP Closing In on Deal, Averting Threat of Strike",0,1,0,0
"Studios, Writers Guild Avert Strike With Last-Minute Deal",0,1,0,0
"""Stranger Things"" Season 2 will have ""more horror""",0,1,0,0
The leaked Fyre Festival pitch deck is beyond parody,0,1,0,0
Latin Singer Luis Miguel Arrested in Los Angeles,0,1,0,0
"Johnny Depp Has a ""Clear and Epic"" Sense of Entitlement, Ex-Managers Say",0,1,0,0
Jimmy Kimmel Reveals Details of His Son’s Birth &amp; Heart Disease,0,1,0,0
Box Office: Why Emma Watson's 'The Circle' Got Clobbered by Two Smaller Films,0,1,0,0
Netflix Stock Up Despite ‘Orange Is the New Black’ Leak; Hackers Threaten Further Action,0,1,0,0
Fyre Festival Hit With $100 Million Lawsuit: Report,0,1,0,0
J.K. Rowling shouldn't apologize for killing Severus Snape,0,1,0,0
2017 Met Gala: Stars pay tribute to Rei Kawakubo,0,1,0,0
"The Great Comet', 'Hello, Dolly!' &amp; 'Dear Evan Hansen' Lead 2017 Tony Award Nominations",0,1,0,0
Met Gala 2017 dresses: Check out the red carpet fashion,0,1,0,0
"Monday, 1 May 2017: ""2016, 2020, 2024, 2028, 2032, 2036 ... One nation, Underwood.""",0,1,0,0
Netflix Adds Warnings to '13 Reasons Why' Following Criticism,0,1,0,0
“Fixer Upper” star Chip Gaines named in million dollar lawsuit,0,1,0,0
"Strike Watch: Cautious Optimism Spreads as WGA, AMPTP Face Midnight Deadline",0,1,0,0
Zoe Saldana reveals how long it takes to put on her 'Guardian of the Galaxy' face,0,1,0,0
TNT Halts Production on 'The Last Ship' While Eric Dane Battles Depression,0,1,0,0
Oliver Stone interviews Vladimir Putin for four-hour series to air on Showtime,0,1,0,0
"The ""Greatest Show on Earth"" folds its tent for good",0,1,0,0
The founder of the disastrous Fyre Festival has a history of overpromising 'elite' access,0,1,0,0
Scarlett Johansson Invites Woman Who Looked Just Like Her In 1967 To Film Premiere,0,1,0,0
"Epic Godfather Reunion Leads to Brando Stories, On-Set Secrets",0,1,0,0
What artist you dislike made something you love?,0,1,0,0
Sounds Natural -- a behind-the-scenes look at sound design in nature documentaries,0,1,0,0
Stagecoach festival proves it rides in the shadow of Coachella no more,0,1,0,0
WTF just happened on 'American Gods'?,0,1,0,0
Sleight' Director JD Dillard On How He Went From Bad Robot Receptionist To Sundance Sensation – /Film,0,1,0,0
"Samantha Bee's 'Not the WHCD': All the highlights, from Will Ferrell to Allison Janney",0,1,0,0
"Fyre Festival appeared to be a total sh*t show, Blink-182 cancel headlining set - News - Alternative Press",0,1,0,0
Gorillaz to perform on 'The Graham Norton Show' next week,0,1,0,0
"Ridley Scott thinks aliens are real, would totally wipe us out",0,1,0,0
Stephen King's 'Firestarter' is Next in Line for a Remake,0,1,0,0
Scarlett Johansson Invites Her Grandma Lookalike For A Drink. She Accepts,0,1,0,0
Shannen Doherty Announces She's in Remission Following Breast Cancer Diagnosis,0,1,0,0
"Swayze's Dirty Dancing jacket sells for £48,000 despite niece's call to stop auction",0,1,0,0
Prince Jackson explains his personal connection to foster youths,0,1,0,0
Laura Dern in the Mix for Film Academy President,0,1,0,0
"Gwen Stefani Ruptures Eardrum, Forced to Cancel Las Vegas Show",0,1,0,0
Hacker Threatens to Release New Season of ‘Orange Is the New Black’,0,1,0,0
Val Kilmer is the Best Part of The Island of Doctor Moreau,0,1,0,0
Ja Rule insists disastrous Fyre Festival was “NOT A SCAM”,0,1,0,0
"‘Roseanne’ Getting Revival With Roseanne Barr, John Goodman, Sara Gilbert",0,1,0,0
Sony Annual Profits Halved as Pictures Division Loses $719 Million,0,1,0,0
"’13 Reasons Why’: Canadian Schools Ban All Talk, Issue Warnings About Netflix Series",0,1,0,0
Paradise Lost: Luxury Music Festival Turns Out To Be Half-Built Scene Of Chaos,0,1,0,0
Rebel Wilson sues Australian tabloid publisher Bauer for defamation,0,1,0,0
Netflix’s ‘Dear White People’ is even better than the movie,0,1,0,0
Ja Rule's luxurious Bahamas Fyre Festival canceled,0,1,0,0
Chaos at Ja Rule's Luxury Fyre Festival,0,1,0,0
Federal Probe Into Fox News Channel May Be Widening,0,1,0,0
Emma Watson's New Movie Made Her Privacy Paranoid,0,1,0,0
"Vinod Khanna dead, he was 70",0,1,0,0
Official Bollywood Weekly Discussion Thread,0,1,0,0
Tubelight Trailer l Salman Khan l Kabir Khan l,0,1,0,0
Regarding Item Songs,0,1,0,0
Looking for a particular music videoclip,0,1,0,0
[Official] Baahubali: The Conclusion Discussion Thread,0,1,0,0
‘Bahubali 2: The Conclusion’ Premiere Show Cancelled Over Vinod Khanna’s Demise,0,1,0,0
"[Discussion] What's the next ""big"" movie you're really excited for?",0,1,0,0
Manoj Tiwari plays himself in Farhan Akhtar’s Lucknow Central,0,1,0,0
Official Bollywood Weekly Discussion Thread,0,1,0,0
[Official] Maatr Discussion Thread,0,1,0,0
[Official] Noor Discussion Thread,0,1,0,0
"[Discussion] Are there other indian films that are not part of bollywood (no song dance number,no mixed genre etc) example-The apu trilogy,Badshahi Angti,Mirch Masala etc",0,1,0,0
"In movies like Devdas and BajiraoMastani, are those grand buildings and roads/streets/alleys...real?",0,1,0,0
A movie I watched on Sahara One when I was a kid.,0,1,0,0
Official Bollywood Weekly Discussion Thread,0,1,0,0
To mods and everyone: Can we please have 'classicfilmfan9' banned here?,0,1,0,0
Looking for some mystery/thriller/detectives movies ?,0,1,0,0
Movies like FUKREY?,0,1,0,0
Ranbir Kapoor Is Looking Exactly Like Sanjay Dutt In These Pictures From Sanjay Dutt's Biopic,0,1,0,0
Trying to find a bollywood movie where a guy lives on a woman's lawn and refuses to leave,0,1,0,0
Official Bollywood Weekly Discussion Thread,0,1,0,0
Watching Like Stars On Earth in English?,0,1,0,0
"Loved Masaan, any other movies like it?",0,1,0,0
Movie titles,0,1,0,0
Rant over Akshay Kumar winning a prestigious award,0,1,0,0
[Official] Anaarkali Of Aaraah Discussion Thread,0,1,0,0
[Official] Poorna Discussion Thread,0,1,0,0
Can someone help me find a specific video?,0,1,0,0
Suggest classic films,0,1,0,0
Official Bollywood Weekly Discussion Thread,0,1,0,0
Naam Shabana,0,1,0,0
I made a small blog with bollywood dance numbers I like,0,1,0,0
Giving Bollywood credit where it is due,0,1,0,0
Suggestions for songs like Ik Tara (wake up Sid)?,0,1,0,0
Official Bollywood Weekly Discussion Thread,0,1,0,0
Venkaiah Naidu to revamp censor board based on Shyam Benegal committee recommendations,0,1,0,0
Industry yellow pages?,0,1,0,0
Not sure if this is the right place to ask this.,0,1,0,0
Any subscription-based streaming sites or apps that offer most recent Hindi movies? Not geo-restricted,0,1,0,0
[Official] Phillauri Discussion Thread,0,1,0,0
looking for a film,0,1,0,0
Female Bollywood cop movies?,0,1,0,0
Candid photographs of Indian filmstars,0,1,0,0
Commando2,0,1,0,0
Can someone PLEASE help me try to figure out what song/movie this is,0,1,0,0
"What are some good, recent coming of age movies in Bollywood?",0,1,0,0
Official Bollywood Weekly Discussion Thread,0,1,0,0
[tip of my tongue request] Help me identify a bollywood movie?,0,1,0,0
Bollywood Movies like Girlfriend and phase tune kya kiya?,0,1,0,0
Bollywood Movie actresses that play protagonists in films?,0,1,0,0
"Kareena Kapoor Delivers a Baby, This Time Without Aamir Khan",0,1,0,0
Name of Bollywood song stuck in my head?,0,1,0,0
Me and Aamir haven't talked about work for years: Shah Rukh Khan,0,1,0,0
Looking for a movie,0,1,0,0
[Official] Trapped Discussion Thread,0,1,0,0
"MIRZYA, watch it for cinematography (its on Netflix)",0,1,0,0
Bollywood female Oriented films?,0,1,0,0
Official Bollywood Weekly Discussion Thread,0,1,0,0
I would like movie recommendations I am wanting to watch Bollywood Movies about women becoming jealous or obsessed?,0,1,0,0
Kuchh Dil Ne Kaha - Dharmendra - Sharmila Tagore - Anupama - Lata - A gem of a song I found recently,0,1,0,0
List of the most talented and beautiful Indian Actresses?,0,1,0,0
[Official] Badrinath Ki Dulhania Discussion Thread,0,1,0,0
What is the song that is sampled at 1:15 here? I feel like it is from a bollywood song,0,1,0,0
Saira Banu in Padosan (my first gif),0,1,0,0
Official Bollywood Weekly Discussion Thread,0,1,0,0
Amir khan: Thugs of hindostan teaser,0,1,0,0
My Bollywood Dance Troupe Just Finished our First Ever Showreel [3:24],0,1,0,0
"Watching Dear Zindagi, some thoughts and questions",0,1,0,0
Need help finding movie/song,0,1,0,0
"Best Mimicry Ever Part 1 | Shahrukh Khan, Kajol, Aamir Khan, Amrish Puri, Salman Khan &amp;amp; More",0,1,0,0
Official Bollywood Weekly Discussion Thread,0,1,0,0
Song suggestions,0,1,0,0
Help me find this song please!,0,1,0,0
Who is the worst human being in bollywood?,0,1,0,0
What are the best mysteries/rumors of bollywood?,0,1,0,0
Where can I watch these two Bollywood movies online for free?,0,1,0,0
[DISCUSSION] Favorite 'Vishal Bhardwaj' Film?,0,1,0,0
Bollywood movie recommendations women getting revenge ?,0,1,0,0
Lots of Bollywood movies got added to Netflix today!,0,1,0,0
Bombay Talkies' sequel in the works,0,1,0,0
[Official] Rangoon Discussion Thread,0,1,0,0
Kalki Koechlin opens up on her new film 'Mantra' - The Express Tribune,0,1,0,0
Nawazuddin Siddiqui's Prep For 'Manto' Actually Reveals The Gruelling Process Of A Great Artist,0,1,0,0
Official Bollywood Weekly Discussion Thread,0,1,0,0
I got sad and depressed watching the famous shahrukh Khan tearjerkers recently.,0,1,0,0
[Official] The Ghazi Attack Discussion Thread,0,1,0,0
[Official] Running Shaadi Discussion Thread,0,1,0,0
What movie is this clip from? 10/10 eyeroll,0,1,0,0
[Satire] Family Fast Forwards Through Bollywood Love Scene; Not Raunchy Item Girl Song,0,1,0,0
Official Bollywood Weekly Discussion Thread,0,1,0,0
was Rakhta Charitra ever English dubbed?,0,1,0,0
[DISCUSSION] What's your favorite Housefull film and why?,0,1,0,0
"Bollywood fans, what's your opinion of Pallavi Sharda?",0,1,0,0
Does anyone know the name of this bollywood thriller,0,1,0,0
[Official] Jolly LLB 2 Discussion Thread,0,1,0,0
Official Bollywood Weekly Discussion Thread,0,1,0,0
What happened in the last few years that now srk is so far behind the other 2 khans?,0,1,0,0
Need recommendations for dad,0,1,0,0
"Official Trailer for Badrinath Ki Dulhania, starring Varun Dhawan and Alia Bhatt",0,1,0,0
Official Bollywood Weekly Discussion Thread,0,1,0,0
Is bollywood dying or coming to a new age,0,1,0,0
Sony makes Idris Elba and Matthew McConaughey fight just to release the Dark Tower trailer,0,1,0,0
Kesha dresses down in a distressed T-shirt for workout,0,1,0,0
Game of Thrones Season 7: Official Teaser #2: Sigils,0,1,0,0
Last Man on Earth' Imagines a Future Without Trump,0,1,0,0
Logan Official Trailer 1 (2017) - Hugh Jackman Movie,0,1,0,0
Keira Knightly One of the Richest Hollywood Actresses,0,1,0,0
"Alec Baldwin gets only paid $1,400, so little for his amazing Trump impression",0,1,0,0
Amy Schumer shares Instagram video dancing in her underwear,0,1,0,0
Brad Pitt is still Britney Spears' celebrity crush,0,1,0,0
Famous Hollywood heroes - then n now,0,1,0,0
Angelina Jolie has blocked Brad Pitt's number,0,1,0,0
4 Expensive Things To Expect From The Brangelina Divorce,0,1,0,0
Jason Bourne watch online movie,0,1,0,0
HAPPY BIRTHDAY ARNOLD,0,1,0,0
You won't believe how fat these 10 celebrities got!,0,1,0,0
The Perfect Match Watch online free,0,1,0,0
Watch online free The Angry Birds Movie,0,1,0,0
Watch online Hollywood film Warcraft 2016,0,1,0,0
Marauders 2016 Online Free Full Movie,0,1,0,0
Independence Day Resurgence 2016 Watch Online Free,0,1,0,0
The Shallows 2016 Watch online free,0,1,0,0
Watch Online Free The Legend of Tarzan (2016),0,1,0,0
BANE Dark Knight Rises Leather Coat now available in our online store Eagleoutfits,0,1,0,0
Element 2016 Film Online Free,0,1,0,0
A Bigger Splash Online Free Full Movie,0,1,0,0
Terrordactyl 2016 Online Free Full Movie,0,1,0,0
Demolition Watch online free full movie,0,1,0,0
Everybody Wants Some Watch Online Free,0,1,0,0
Sumner Redstone Visits Paramount Lot Amid Viacom Legal Battle,0,1,0,0
Watch online bollywood film Tamasha | HD Watch Free,0,1,0,0
"Met Gala: Beyoncé, Rihanna, &amp; More — The Sexiest &amp; Barest Looks Of All Time",0,1,0,0
No Bad Blood Despite Comparison; Bradley Cooper Commends Jennifer Lawrence Gender Wage Gap Essay,0,1,0,0
Victorias Secret Fashion Demonstrate 2014Bollywood,0,1,0,0
Goldie Hawn and Kurt Russell get their Hollywood stars together,0,1,0,0
Evolving' Miley Cyrus has quit weed and nipple pasties: 'I want to be super clear and sharp',0,1,0,0
"JK Rowling is driven by ego like Kim Kardashian, says Joanna Trollope",0,1,0,0
Stephen Colbert Hits Best Ratings Since 2015 Premiere,0,1,0,0
The FCC Is Investigating Stephen Colbert’s Controversial Trump Joke,0,1,0,0
Chris Brown served with restraining order at his birthday party,0,1,0,0
BLADE RUNNER 2049 - Trailer Tease,0,1,0,0
Ukraine bans Steven Seagal as threat to national security,0,1,0,0
American Idol': Deal in Place at ABC to Revive Competition Series,0,1,0,0
Why Ellen DeGeneres Won’t Invite Trump on Her Show,0,1,0,0
Country music icon Loretta Lynn hospitalized after stroke,0,1,0,0
Country Legend Loretta Lynn Suffers Stroke,0,1,0,0
Marvel's 'Inhumans' teaser trailer is definitely channeling 'Game of Thrones',0,1,0,0
Ellen DeGeneres says she would never have Trump on her show,0,1,0,0
Blade Runner 2049: Can the replicant beat the original?,0,1,0,0
"Robert Wilson, father of Owen and Luke Wilson, has died",0,1,0,0
NO POLITICS ALLOWED NOW IN /R/HEALTH,0,0,1,0
"Dr. Julius Youngner, Polio Vaccine Pioneer, Dies at 96",0,0,1,0
"Johnson &amp; Johnson to pay US woman US$110m in suit linking its baby powder, shower talc to cancer",0,0,1,0
Psychotic manifestations in brain tumour patients: 2 case reports from South Africa,0,0,1,0
"Deadly infection spread by contaminated heart surgery machines - ""People undergoing heart surgery may be getting infected with a deadly strain of bacteria, spread by machines used to cool blood.""",0,0,1,0
Unfounded Autism Fears Are Fueling Minnesota's Measles Outbreak,0,0,1,0
Here Is What's In The House-Approved Health Care Bill,0,0,1,0
Bone Marrow Donors: Heroes who give &amp; heroes who fight the scary myths,0,0,1,0
"Letting a baby play on an iPad might lead to speech delays, study says - released Thursday and being presented at the 2017 Pediatric Academic Societies Meeting",0,0,1,0
"Immune war with donor cells after transplant may wipe out HIV - ""Six more people with HIV and cancer who have been treated in the same way as Brown now seem to have no trace of the virus in their system... all six developed graft-versus-host disease.""",0,0,1,0
"Dr. Rhonda Patrick explores fasting, nootropics, microbiome, sauna, cold exposure, aging &amp; more on Tim Ferriss' latest podcast.",0,0,1,0
"In Minnesota's worst measles outbreak, a battle of beliefs over vaccines",0,0,1,0
"Doxycycline, an old and safe antibiotic, could be repurposed to prevent neurodegeneration in Parkinson models and be effective as a neuroprotector at low doses, through a novel target.",0,0,1,0
Research shows illegal levels of arsenic found in baby foods,0,0,1,0
"Top promoted drugs were less likely than top selling and top prescribed drugs to be effective, safe, affordable, novel, and represent genuine advance in treating a disease. Clinicians should question value of drugs most heavily promoted by pharmaceutical manufacturers before prescribing them.",0,0,1,0
2013 Will See the End of NHS Homeopathy Hospitals in England.,0,0,1,0
Counting calories-out may be less reliable than you think,0,0,1,0
The Majority of Bottled Waters are Acidic-Effects on our Digestive System?,0,0,1,0
"Gluten-free diets shouldn't be promoted to prevent heart disease among people without celiac disease, gastroenterologists say after a large U.S. study",0,0,1,0
"A study by one of the nation’s largest insurers has found that its affiliates are spending 73 percent more on prescription drugs than in 2010, and the majority of those expenses are on brand drugs, despite a growing acceptance of generic drugs across the country.",0,0,1,0
Five Scientific Facts: Links between Autism and Vaccines?,0,0,1,0
"Gaining Weight In Middle Age? It's This Molecule's Fault, Scientists Say",0,0,1,0
NIH Study Takes the Deepest Dive Yet Into Baffling Condition,0,0,1,0
"Healthy Eating Linked to Lower Likelihood of Depression - U.S. adults who report eating healthy all day ""yesterday"" are 34.1% less likely to currently have depression than those who say they did not eat healthy.",0,0,1,0
Scientists have eliminated HIV in mice using CRISPR,0,0,1,0
I tried bone broth for a week: Here's what happened,0,0,1,0
"Today, even US water is overly medicated—these scientists want to change that",0,0,1,0
Experts warn of increases in tick-borne Powassan virus,0,0,1,0
"A Year After Approval, Gene-Therapy Cure Gets Its First Customer - GlaxoSmithKline says it has treated a child with Strimvelis, its gene therapy for immune deficiency.",0,0,1,0
"Doctors have finally found a more accurate way than BMI to determine whether your weight is healthy - ""On Monday, a team of Mayo Clinic researchers released the Body Volume Indicator, or BVI""",0,0,1,0
"Antibiotic resistance has a language problem: A failure to use words clearly undermines the global response to antimicrobials' waning usefulness. Standardize terminology, urge Marc Mendelson and colleagues.",0,0,1,0
"Population scale data revealed that patients who received ketamine had significantly lower frequency of reports of depression than patients who took any other combination of drugs for pain, and had significantly lower frequency of reports of pain and opioid induced side effects.",0,0,1,0
"Is it really possible to live until you're 146? The science of ageing - Scientists doubt that extreme natural longevity is feasible. But if lifespan is ruled by a genetic ‘clock’, that view could change",0,0,1,0
Is The GOP Health Bill Morphing Into Yet Another Big Federal Program?,0,0,1,0
Simply put: Vaccination saves lives,0,0,1,0
Why You Should Probably Reconsider Your Gluten-Free Diet Unless You Really Need It,0,0,1,0
"In some states, 80 percent of kids with lead poisoning don’t get tested: Under-testing and underreporting of childhood blood lead levels is “endemic” in many states, according to a study",0,0,1,0
"Breakthroughs against Cancer, Sickle-Cell Anemia and Rotavirus Disease",0,0,1,0
Ground-breaking stem cell treatment for multiple sclerosis has man running again,0,0,1,0
Restricting Pharmaceutical Reps’ Marketing Tactics Changes Physician Prescribing Behavior,0,0,1,0
Crave Sugar? Maybe It's in Your Genes,0,0,1,0
“Exercise-in-a-pill” boosts athletic endurance by 70 percent,0,0,1,0
Are you a teen/young adult ages 16-21 with a pediatric rheumatic disease or a parent of a teen/young adult ages 16-21 with a pediatric rheumatic disease?,0,0,1,0
"1 in 5 Women With UTIs Are Still Being Told There's Nothing Wrong With Them - New study shows the current standard test for urinary tract infections is failing to detect the culprit bacteria in at least 1/5 of cases, leaving many patients without necessary treatment.",0,0,1,0
"Two Fungal Species Cooperate to Synthesize an Antibiotic - ""block the growth of several Gram-positive bacteria, like MRSA (methicillin-resistant Staphylococcus aureus) as well as the bacteria that cause strep throat (Streptococcus pyogenes) and anthrax (Bacillus anthracis).""",0,0,1,0
Anyone here tried these 5 heart disease tests?,0,0,1,0
The first ‘artificial pancreas’ systems are coming to market,0,0,1,0
May is the month to spread awareness for Guillain Barre Syndrome.,0,0,1,0
Types And Distribution of Payments from Industry to Physicians,0,0,1,0
"Canadians spent $22.1B on alcohol last year, StatsCan says",0,0,1,0
Researchers found for the first time that the use of low-dose aspirin at least three times a week reduces the risk of breast cancer in women with the most common breast cancer subtype.,0,0,1,0
Alternate-day fasting has become increasingly popular but no long-term randomized clinical trials have evaluated its efficacy. A randomized clinical trial over 1 year found that alternate-day fasting does not produce superior weight loss or weight maintenance compared with daily calorie restriction.,0,0,1,0
Amazon Vendors Are Selling Expired Plan B - Customers are buying tampered contraception on the site &amp; Amazon has yet to inform them.,0,0,1,0
US researchers eliminate HIV infection in ‘humanised’ mice,0,0,1,0
"Tick-Borne Powassan Virus May Be Spreading, Experts Worry",0,0,1,0
Whole Foods CEO John Mackey Shares the Diet that Got Him Back to His Teenage Weight,0,0,1,0
Nunavut man killed by RCMP after live streaming that he wanted to 'die by police',0,0,1,0
The Sleep Cure: The Fountain of Youth May Be Closer Than You Ever Thought,0,0,1,0
The Link Between Alcohol and Breast Cancer Is Stronger,0,0,1,0
People think juice is good for them. They’re wrong.,0,0,1,0
"The majority of women suffering with pain when urinating, or needing to urinate often or urgently probably do have a bacterial infection, even when nothing is detected by standard urine testing.",0,0,1,0
"New research from the University of Iowa shows children lack the perceptual judgment and motor skills to cross a busy road consistently without putting themselves in danger until age 14, with accident rates as high as 8% with 6-year-olds.",0,0,1,0
Young American children eat more fries than vegetables,0,0,1,0
"Artificial Pancreas Benefits Young Children, UVA Trial Shows - ""automatically monitor and regulate blood-sugar levels, eliminating the need for people with Type 1 diabetes to stick their fingers to check their blood sugar frequently and manually inject insulin.""",0,0,1,0
Rethinking antibiotic use in early pregnancy: Some linked to miscarriage,0,0,1,0
"As Zika season approaches, states step up efforts to combat virus",0,0,1,0
Parasitic worms are cropping up in raw seafood,0,0,1,0
Those TV Drug Ads Distract Us From The Medical Care We Need,0,0,1,0
A generation of heroin orphans,0,0,1,0
He saved 17 people who OD’d — but police want to jail him | Toronto Star,0,0,1,0
Silicon Valley's elite are flocking to an extreme high-fat diet in hopes of living longer,0,0,1,0
Lack of vaccinations considered a factor in recent measles outbreak,0,0,1,0
"Aspirin May Prevent Cancer from Spreading, New Research Shows: In addition to relieving headaches and preventing heart attacks, the drug seems to keep malignant cells from spreading",0,0,1,0
Investors to Big Ag: Stop Breeding Superbugs,0,0,1,0
Unemployment associated with 50% higher risk of death in heart failure patients,0,0,1,0
Rent-a-womb trade goes cross-border in parts of Indochina,0,0,1,0
The Alarming Rise of HPV-Related Throat Cancer in Men,0,0,1,0
"Compared With Usual Sodium Intake, Low- and Excessive-Sodium Diets Are Associated With Increased Mortality: A Meta-Analysis | American Journal of Hypertension | Oxford Academic",0,0,1,0
The enemy of my enemy is my friend:' Couple turns to viruses to beat back superbug,0,0,1,0
Researchers used CRISPR technology to rewire stem cells' genetic circuits to produce an anti-inflammatory arthritis drug when the cells encounter inflammation. The technique eventually could act as a vaccine for arthritis and other chronic conditions.,0,0,1,0
4 Reasons Why Hugs Are Good for Your Health,0,0,1,0
"""Lower sodium excretion was associated with higher CVD mortality.""",0,0,1,0
"Artificial intelligence-based algorithm with deep learning can be used to automatically identify, with high reliability, which patients should be referred to an ophthalmologist, for complications of diabetes that affects the eyes potentially causing blindness, with accuracy rate of 94%.",0,0,1,0
Childhood Stress. How bad parenting can knock 20 years off your life,0,0,1,0
Scientists generated cartilage tissue by printing stem cells using a 3-D-bioprinter. The stem cells survived being printed in this manner and were influenced to multiply and differentiate to form chondrocytes (cartilage cells) in the printed structure.,0,0,1,0
"Nutrient in meat and eggs may play role in blood clotting, heart attack risk",0,0,1,0
"Sergio Canavero: A Revolution in Medicine -- ""Prof. Sergio Canavero, a neurosurgeon from Torino, Italy, intends to write medical history: he is planning the world's first transplantation of a human head.""",0,0,1,0
Supply of yellow fever vaccine on pace to run out by summer,0,0,1,0
Anti-vaccine groups step up outreach to Minnesota Somali families,0,0,1,0
That viral 'diet drinks cause dementia' story reveals a bigger problem with how science gets reported,0,0,1,0
"High cholesterol has benefits, what do you think?",0,0,1,0
Monoclonal antibody therapy,0,0,1,0
Good cardiovascular health helped a teenager come out of a 40-day flu induced coma,0,0,1,0
Psychedelic compound in ecstasy moves closer to approval to treat PTSD - A promising treatment that uses MDMA could help people suffering with post-traumatic stress disorder.,0,0,1,0
Kindergartner Vaccinations Rising In San Diego County After State Law Change,0,0,1,0
"E-cigarettes may have reduced tumor promoter activity compared to conventional cigarettes and therefore may provide a safer alternative to cigarettes, finds the first study to use the Bhas assay to compare tobacco and nicotine products.",0,0,1,0
"Maternal grandmother smoking in pregnancy is associated with an increased in prevalence of two autistic traits (poor social communications and repetitive behaviors), and diagnosed autism, in the grandchild, based on an initial sample size of 14,541.",0,0,1,0
"New, deadlier trend in the raging opioid epidemic: Elephant tranquillizer - It’s 10,000X stronger than morphine, 100X stronger than fentanyl, and on the rise.",0,0,1,0
Measles outbreak prompts vaccination message from Kandiyohi County health officials,0,0,1,0
1.2 million children in the US have lead poisoning. We’re only treating half of them.,0,0,1,0
Thunderclap: Stroke Awareness Month 2017,0,0,1,0
"House Passes GOPcare, which will cut all Obamacare dedicated public health funding.",0,0,1,0
"Although new tuberculosis (TB) cases are declining, TB/HIV co-infections are up 40% across Europe over the last five years [WHO news, 20 Mar 2017]",0,0,1,0
"Scotland first in UK to approve anti-HIV pre-exposure prophylaxis (PrEP) for prescription on National Health Service [National AIDS Trust, 10 Apr 2017]",0,0,1,0
"[US Department of Health &amp; Human Services] Determination and declaration regarding emergency use of injectable treatments for nerve agent or certain insecticide (organophosphorus and/or carbamate) poisoning [Federal Register, 17 Apr 2017]",0,0,1,0
"Return on investment of public health interventions: a systematic review — “This review suggests that local and national public health interventions are highly cost-saving. Cuts to public health budgets therefore represent a false economy” [J Epidemiol Community Health, 29 Mar 2017 — free full-text]",0,0,1,0
"[England] Update on HIV pre-exposure prophylaxis (PrEP) impact trial in England [Public Health England, 10 Apr 2017]",0,0,1,0
"[UK] Overwhelming support from GPs &amp; dentists for boys to receive the human papillomavirus (HPV) vaccination [HPV Action, 24 Apr 2017]",0,0,1,0
"Two consecutive large outbreaks of Salmonella Muenchen linked to pig farming in Germany, 2013 to 2014: Is something missing in our regulatory framework? [Eurosurveillance, 4 May 2017 — free full-text]",0,0,1,0
"West Nile virus surveillance in Europe: moving towards an integrated animal-human-vector approach [Eurosurveillance, 4 May 2017 — free full-text]",0,0,1,0
"More Salt In School Lunch, Less Nutrition Info On Menus: Roll Back on Food Rules",0,0,1,0
"Think globally, act locally",0,0,1,0
Is the decline in smoking more often accredited to legislation or education?,0,0,1,0
Local Elementary School Millipede Infestation,0,0,1,0
Graduated with a BA in healthcare administration. What now?,0,0,1,0
Question about potential new job with lower title than I have now,0,0,1,0
Health department interview,0,0,1,0
Undergrad Path for MPH,0,0,1,0
"Early outbreak detection by linking health advice line calls to water distribution areas retrospectively demonstrated in a large waterborne outbreak of cryptosporidiosis in Sweden [BMC Public Health, Apr 2017 — free full-text]",0,0,1,0
"The role of diseases, risk factors and symptoms in the definition of multimorbidity – a systematic review [Scand J Prim Health Care, Jun 2016 — free full-text]",0,0,1,0
MBA vs MPA for Healthcare Administration?,0,0,1,0
"As Minnesota confronts its second measles outbreak in seven years, public health officials are battling to contain the disease while also trying to educate parents in the face of an organized opposition [Star Tribune, 28 Apr 2017 — free-to-read]",0,0,1,0
"I was recently part of a debate filled with healthcare professionals from around the USA to ""STOP THE SILENT KILLERS in the USA"" ( Diabetes, High Cholesterol and Heart problems) this is what we came up with",0,0,1,0
"Epidemiologist in government, what was your career path?",0,0,1,0
"NIAID perspective: Yellow fever — once again on the radar screen in the Americas [NEJM, 13 April 2017 — free full-text]",0,0,1,0
U.S. Supply Of Yellow Fever Vaccine Will Run Out By Midsummer,0,0,1,0
"Defining the complex phenotype of severe systemic loxoscelism (Brown recluse spider envenomation) using a large electronic health record cohort [PLoS ONE, 19 Apr 2017 — free full-text]",0,0,1,0
"MPH, statistics, and epi: should have gone for BS?",0,0,1,0
I wonder how much taxes and educational campaigns had to do with this,0,0,1,0
Low undergrad GPA but relevant extracurriculars- should I take time before applying to MPH?,0,0,1,0
Best online course for R/STATA/SAS?,0,0,1,0
"Contact investigation after a fatal case of extensively drug-resistant tuberculosis (XDR-TB) in an aircraft, Germany, July 2013 [Eurosurveillance, 23 Mar 2017 — free full-text]",0,0,1,0
"Three cases of mcr-1-positive colistin-resistant Escherichia coli bloodstream infections in Italy, August 2016 to January 2017 [Eurosurveillance, 20 Apr 2017 — free full-text]",0,0,1,0
Boston University vs. NYU vs. GWU MPH,0,0,1,0
"Indistinguishable NDM-producing Escherichia coli isolated from recreational waters, sewage, and a clinical specimen in Ireland, 2016 to 2017 [Eurosurveillance, 13 Apr 2017 — free full-text]",0,0,1,0
Whether or Not to Pursue a Master of Public Health,0,0,1,0
Any suggestion innovative technology on chronic disease ?,0,0,1,0
Preventive Medicine for the Planet and Its Peoples,0,0,1,0
Brown MPH vs Boston University MPH,0,0,1,0
"Injuries from violence in England and Wales fell “substantially” in 2016, an annual study of people treated in accident and emergency (ER) units suggests [BBC, 26 Apr 2017]",0,0,1,0
"My brother's first published article: ""Neglected no more: ending trachoma, an infectious eye disease rooted in poverty""",0,0,1,0
"Study cites factors linked to suicide in the young: Researchers say interventions should come earlier in life for disadvantaged children [HealthDay news, 20 Apr 2017]",0,0,1,0
"Childhood adversity and risk of suicide: cohort study of 548,721 adolescents and young adults in Sweden [BMJ, 19 Apr 2017 — free full-text]",0,0,1,0
Traveling and PH?,0,0,1,0
Need some direction...,0,0,1,0
Best language to learn for public health?,0,0,1,0
Physical Therapy or MPH (Epidemiology/Biostatistics) or a Phd (In Movement Science),0,0,1,0
Are there any Public Health jobs that could be done from home?,0,0,1,0
Is CPH credential something important?,0,0,1,0
Public Health Practice Test Help,0,0,1,0
GWU or Boston University for MPH,0,0,1,0
Are macs or PCs more common in public health/epi?,0,0,1,0
Surgeon General forced to resign,0,0,1,0
"NIH funds seven international centers of excellence for malaria research: The awards fund three new and four existing centers that work in 14 countries [NIH/NIAID, 21 Apr 2017]",0,0,1,0
Career at WHO - PhD?,0,0,1,0
"Diagnosis and management of Borrelia turicatae (tick-borne relapsing fever) infection in febrile soldier, Texas, USA [Emerg Infect Dis., May 2017 — free full-text]",0,0,1,0
Desperately seeking help: résumé critique?,0,0,1,0
Letters of Recommendation - help!,0,0,1,0
"CDC recommendations for diagnosing and managing Shigella strains with possible reduced susceptibility to ciprofloxacin [CDC Health Alert Network, 18 Apr 2017]",0,0,1,0
Question /request for info on: Augmenting a MPH with a graduate certificate,0,0,1,0
"Community mitigation guidelines to prevent pandemic influenza — United States, 2017 [CDC MMWR, Apr 2017 — free full-text]",0,0,1,0
"An unexpected fatal Crimean-Congo hemorrhagic fever (CCHF) case and management of exposed health care workers [Int J Infect Dis., Feb 2017 — free full-text]",0,0,1,0
"Major emerging vector-borne zoonotic diseases of public health importance in Canada [Emerg Microbes &amp; Infect., Jun 2015 — free full-text]",0,0,1,0
"Exposure risk for infection and lack of human-to-human transmission of Mycobacterium ulcerans disease (Buruli ulcer), Australia [Emerg Infect Dis., May 2017 — free full-text]",0,0,1,0
Decided that I don't want to go to med school anymore and want to pursue a degree in public health...,0,0,1,0
"Nonadherence with employer-mandated sleep apnea treatment and increased risk of serious truck crashes [Sleep, May 2016 — free full-text via PMC]",0,0,1,0
Geographic Differences in Temporal Incidence Trends of Hepatitis C Virus Infection Among People Who Inject Drugs: The InC3 Collaboration,0,0,1,0
Reuters Investigates: Lead’s hidden toll is felt across L.A.,0,0,1,0
How to make myself competitive for epidemiology MS?,0,0,1,0
Fixing fentanyl means treating trauma that creates addicts,0,0,1,0
Are we perpetuating stigma by vigorously protecting PI of PWHIV?,0,0,1,0
Is it about time we reconsider the 2000 calorie diet for the average American considering our very sedentary lifestyle?,0,0,1,0
"Work in public health, admitted into DO programs...not sure what I want to do",0,0,1,0
Smoking to kill 200 million in China this century: WHO,0,0,1,0
Genetic epidemiology vs Biostatistics (Statistical Genetics),0,0,1,0
"Companion animals as a source of viruses for human beings and food production animals (review) [J Comp Pathol., Jul 2016 — free full-text]",0,0,1,0
Is Deepak Chopra Right? Does this paper suggest modern medicine is usually wrong?,0,0,1,0
"Inhibitory antibodies targeting emerging viruses: Advancements and mechanisms (review) [Clin Vaccine Immunol., Jul 2016 — free full-text]",0,0,1,0
"Smoking causes one in 10 deaths worldwide, study shows",0,0,1,0
"Public Health major, or Communications with a Specialization in Health and Wellness, for someone who wants to educate/promote health both via classes &amp; writing?",0,0,1,0
Why are so many centennarians also smokers?,0,0,1,0
MPH: Location or Name?,0,0,1,0
Why Some Opioid Addicts Overdose on a Diarrhea Drug,0,0,1,0
Sufficiency of B.A. in Health Sciences for bachelors-level careers in Public Health?,0,0,1,0
Ideas for a public health sign for the March for Science in D.C.?,0,0,1,0
Viral Podcast Episode 6: Public Health Fellowships,0,0,1,0
SARS Shock Led to Better Public Health in China,0,0,1,0
Populism &amp; The Vaccine Debate - in response to 'Influenza Vaccine Effectiveness Against Pediatric Deaths: 2010–2014',0,0,1,0
ewwww - bat reportedly found in packaged salad,0,0,1,0
RR vs AR,0,0,1,0
Diversity within Latino population may require more nuanced public health approaches,0,0,1,0
"General MPH degree, biostats aspirations",0,0,1,0
[Meta] Appeal for Mods - start a weekly degree/academic program discussion sticky,0,0,1,0
Negotiating better discounts for DAA therapy is critical to achieve HCV elimination by 2030 - Dore &amp; Grebely,0,0,1,0
"If I will be studying general MPH, what courses/skills should I take to be as competitive as someone who specialized in health management or epidemiology?",0,0,1,0
Legitimately probable cancer cluster: next steps? Should I work informally to notify cohort?,0,0,1,0
Health information student looking to transition,0,0,1,0
Anyone have any information on One Health Master's degrees?,0,0,1,0
MPH scholarships and how to find them?,0,0,1,0
MPH,0,0,1,0
Modern hygiene is reducing our bodies contact with pathogens which may be resulting in a weaker immune system.,0,0,1,0
"There are diseases hidden in ice, and they are waking up - Long-dormant bacteria and viruses, trapped in ice and permafrost for centuries, are reviving as Earth's climate warms",0,0,1,0
"“Smart Contact Lens Sensor” for Diabetic and Glaucoma Diagnosis - ""A recent study, affiliated with UNIST has proposed the possibility of in situ human health monitoring simply by wearing a contact lens with built-in wireless smart sensors.""",0,0,1,0
There’s a federal law to lower drug prices—and Louisiana may just use it - The federal patent law could help the state save tens of millions on a single drug.,0,0,1,0
Medical scientists report on the impact climate change is having on health - A new report breaks down climate impacts on health by US region,0,0,1,0
Tick researchers found Powassan virus in these Maine towns,0,0,1,0
"Why Taste Buds Dull As We Age - ""You're born with roughly 9,000 taste buds, and they're very good at regenerating — which is why you can recover the ability to taste just days after burning your tongue. But that changes as we age.""",0,0,1,0
Powassan Virus Is the Scary New Reason to Avoid Ticks - It can cause dangerous inflammation in the brain &amp; may be transmitted to humans much faster than Lyme.,0,0,1,0
"Bacteria Are More Threatening Than Ever - The stories are harrowing: people with simple cuts can end up with life-threatening, &amp; sometimes even life-ending, infections. Some 2 million people in US become infected with bacteria that can’t be treated by antibiotics.",0,0,1,0
"Almost half of baby rice food products contain illegal levels of inorganic arsenic despite new regulations set by the EU, finds the Institute for Global Food Security, based on comparing the level of arsenic in urine samples among infants who were breast-fed or formula-fed before and after weaning.",0,0,1,0
For Moms With Depression.,0,0,1,0
Measles outbreak rages after anti-vaccine groups target vulnerable community,0,0,1,0
"Vaccinated vs. Unvaccinated: Guess who is Sicker? (I was really hoping to garner a discussion, as my 6-yr olds are vaccinated sans any problems)",0,0,1,0
The Lyme Wars: Meet The Players,0,0,1,0
Mosquito sample tests positive for West Nile Virus in Schuykill County,0,0,1,0
16 US children hospitalized with gunshot wounds each day,0,0,1,0
"Eating bogies (boogers) is good for teeth and overall health, scientists conclude",0,0,1,0
Does anyone have experience with CUNY's MPH program?,0,0,1,0
Future in Healthcare Administration/Career Prospects,0,0,1,0
"Career prospects for a public health major, with a concentration in health administration",0,0,1,0
"Researchers cure diabetes in mice without side effects - ""Researchers at the University of Texas Health San Antonio report they have essentially cured type 1 diabetes in laboratory mice by using gene transfer.""",0,0,1,0
"My nephew has cancer, donate to his badass hospital so they can help more bad ass kids like him. Thank you.",0,0,1,0
Online suicide game prompts MOE advisory,0,0,1,0
"Aunt Jemima frozen pancakes, waffles recalled",0,0,1,0
"Doctors warn Minnesota measles outbreak still ""early"" as cases increase",0,0,1,0
Chickenpox Outbreak Reported at San Diego-Area Charter School,0,0,1,0
What Is Gray Death? The Killer Drug Cocktail Is Latest Battle in War Against Opioids,0,0,1,0
Degree in Health Education and Promotion with a Focus in Public Health?,0,0,1,0
India gas tanker leak sends 200 students to hospital,0,0,1,0
Megathread: Republican Health Care Plan Passes House Vote,0,0,0,1
President Trump Praised Australia's Universal Health Care Right After The House Repealed Obamacare,0,0,0,1
GOP congressman: I didn't fully read health care bill,0,0,0,1
Trump's Fitness To Serve Is 'Officially Part Of The Discussion in Congress',0,0,0,1
"In Rare Unity, Hospitals, Doctors and Insurers Criticize Health Bill",0,0,0,1
Senate GOP rejects House Obamacare bill,0,0,0,1
Federal judge orders Georgia to re-open voter registration ahead of 6th District runoff,0,0,0,1
ACLU says demanding US citizens unlock phones at the border is unconstitutional,0,0,0,1
Bernie Sanders Couldn’t Stop Laughing When Trump Didn’t Realize He Was Praising Australia’s Universal Healthcare,0,0,0,1
Sanders to Trump: 'We'll quote you' on support for universal healthcare,0,0,0,1
The Pentagon just pulled the top secret clearance of a Trump White House aide,0,0,0,1
Congress just blocked Jeff Sessions from messing with medical marijuana,0,0,0,1
Fox News host says health care for people with pre-existing conditions is a ‘luxury’,0,0,0,1
Sanders: How can you call it 'reform' when millions will lose insurance?,0,0,0,1
Ex-Trump campaign official charged with human trafficking,0,0,0,1
Trump praises Australia’s universal health-care system: ‘You have better health care than we do’,0,0,0,1
Manchin: Trump voters will know Republicans took their health coverage away,0,0,0,1
Half a million people sign petition to take away Donald Trump's ability to launch nuclear weapons,0,0,0,1
Senate won't vote on House-passed healthcare bill,0,0,0,1
Flashback: Paul Ryan In 2009 Says It’s Ridiculous To Pass A Bill Nobody Has Read,0,0,0,1
"FBI, NSA directors in closed session with House intel panel",0,0,0,1
Planned Parenthood defunded for one year under GOP health bill,0,0,0,1
The “pro-life” party has become the party of death: New research on why Republicans hate poor and sick people,0,0,0,1
House Republican: Trumpcare could ‘severely harm the health and lives’ of my constituents,0,0,0,1
"Donald Trump is 'worse than any horror story I've written', says Stephen King",0,0,0,1
GOP congressman on Obamacare replacement: 'I don't think any individual has read the whole bill',0,0,0,1
"A record number of people regret voting for Trump, poll suggests",0,0,0,1
Former CBO director: Voting without score is ‘a terrible mistake’,0,0,0,1
Perez on ObamaCare: Trump ‘will own every preventable death’,0,0,0,1
Pregnancy to cost 425% more under Donald Trump's health plan compared to Obamacare,0,0,0,1
Trump: Australia has better healthcare system than US,0,0,0,1
Big Win For Georgia Democrats: Judge Orders State To Extend Voter Registration In Special Election,0,0,0,1
California's Republicans all voted yes on the health care bill. Now Democrats have a campaign issue,0,0,0,1
Trump is turning other countries against the United States,0,0,0,1
The 11 states most likely to be affected by pre-existing conditions all voted for Trump,0,0,0,1
"Alex Jones: Infowars has been granted a “weekly” White House press pass, “regular” press credentials are “pending",0,0,0,1
Trump Order May Open California’s Giant Sequoia Nat’l Monument To Development,0,0,0,1
John Kasich unloads on 'horrific' gerrymandering,0,0,0,1
"Wait, Ivanka, Isn’t Book Promotion an Ethics Violation?",0,0,0,1
President Trump is creating a privileged class of citizenship just for conservative Christians,0,0,0,1
"Evidence Suggests Trump Will Be Impeached, Says Senator Leading The Russia Investigation",0,0,0,1
"Bernie Sanders Says The GOP's Health Care Plan Is An ""Abomination""",0,0,0,1
Trump’s false claim that 'Dems want billions to go to Insurance Companies to bail out donors',0,0,0,1
The FBI is investigating whether Rudy Giuliani leaked information about Hillary Clinton’s emails,0,0,0,1
"Ted Cruz may face close re-election race in 2018, early Texas poll shows",0,0,0,1
"Hours before House Republicans vote on Obamacare repeal bill, we’re finding out how terrible the bill really is",0,0,0,1
"Lewandowski Out At Lobbying Firm He Co-Founded, Accused Of Selling WH Access",0,0,0,1
GOP lawmaker to constituents who will die without health care: They didn’t vote for me,0,0,0,1
This is not the health-care bill that Trump promised,0,0,0,1
George Will: Trump has a 'dangerous disability',0,0,0,1
ObamaCare repeal plan could remove protections for people on employer health plans: report,0,0,0,1
"In Trump’s America, Rape Is a Preexisting Condition",0,0,0,1
GOP's Obamacare replacement bill would protect just 5 percent of people with pre-existing conditions: Analysis,0,0,0,1
U.S. House Intelligence Committee has 'successful' Russia hearing,0,0,0,1
Discussion Megathread: The House votes on the AHCA,0,0,0,1
The GOP voted to strip health care from millions and the media covered it like a sporting event,0,0,0,1
Pence: Trump ‘has literally filled this White House’ with anti-abortion leaders,0,0,0,1
House Republicans drink beer on party bus after voting to repeal Obamacare,0,0,0,1
Krauthammer: ‘We will be in a single-payer system’ within 7 years,0,0,0,1
GOP rep: ‘I don’t think any individual has read the whole bill’,0,0,0,1
Australia Has a Universal Health Care System. Trump Says It's 'Better' Than What Americans Have,0,0,0,1
State Dept. deletes retweet promoting Ivanka Trump’s book,0,0,0,1
ACLU Statement on So-Called ‘Religious Freedom’ Executive Order,0,0,0,1
Colbert mocks House Republicans after American Health Care Act passes,0,0,0,1
"Pregnancy, C-Sections, and Postpartum Depression Are Preexisting Conditions in New American Healthcare Act",0,0,0,1
"Joe Biden tried to work with the Trump administration on curing cancer, but they weren’t interested",0,0,0,1
Comey Refuses to Tell Al Franken and the Senate If the FBI Has Trump's Tax Returns,0,0,0,1
Trump’s “religious liberty” executive order is meant to legalize anti-LGBT discrimination — and may be unconstitutional,0,0,0,1
Obama Endorses Macron for French Presidency,0,0,0,1
Barack Obama announces $2 million personal donation to Chicago summer jobs programs,0,0,0,1
GOP Votes to Cut Care for Millions—And Cheers,0,0,0,1
Trump signs order aimed at allowing churches to engage in more political activity,0,0,0,1
The House Health Plan Makes Your Genes a Preexisting Condition,0,0,0,1
GOP uses health care as means to tax cuts for the wealthy,0,0,0,1
America's healthcare is being driven off a cliff by nihilists,0,0,0,1
Watch Some Very Happy Men Celebrate Their Vote to End Insurance Protections for Women,0,0,0,1
Donald Trump’s healthcare bill is an abomination and the Republicans who voted for it must be held accountable,0,0,0,1
Billboards target lawmakers who voted to let ISPs sell user information,0,0,0,1
Group Files Ethics Complaint Against Sen. Richard Burr for Obstructing Trump-Russia Investigation,0,0,0,1
Military perplexed after Trump says soldiers couldn't get religious items,0,0,0,1
State Department Promotes Ivanka Trump’s Book In Another Ethics Blunder,0,0,0,1
Science Nerd Hopes to Unseat Congress' Most Detested Science Denier,0,0,0,1
"Elizabeth Warren, Bernie Sanders: GOP proposal that passed House isn't a health-care bill",0,0,0,1
Army secretary nominee Mark Green: Public healthcare stops people from being saved by Christianity,0,0,0,1
"If Trump Loosened Up Libel Laws, He Would Get Sued Into Oblivion",0,0,0,1
Poll: Trump the least popular foreign leader among French voters,0,0,0,1
Ivanka Trump faces backlash over 'Women Who Work' book,0,0,0,1
ACLU and others ready lawsuits on Trump's religious exemption order,0,0,0,1
Colorado to outlaw ‘rolling coal’ nuisance exhaust,0,0,0,1
Universal health care becomes a real possibility in the Golden State,0,0,0,1
"GOP lawmaker: You don’t need Planned Parenthood, just get birth control at the grocery store",0,0,0,1
Dem group raises $500K to challenge GOP reps for ObamaCare repeal,0,0,0,1
The mystery behind a Flynn associate's quiet work for the Trump campaign,0,0,0,1
ACLU: President Trump's 'Religious Liberty' Executive Order Has 'No Discernible Policy Outcome',0,0,0,1
Full list of 'Yes' and 'No' votes on ACHA.,0,0,0,1
Trump praises Australia's universal healthcare after Obamacare repeal,0,0,0,1
U.S. will lose jobs if it quits Paris climate deal: U.N.,0,0,0,1
A side-by-side comparison of Obamacare and the GOP’s replacement plan,0,0,0,1
Greta Van Susteren destroys GOP's Trumpcare 'victory' party,0,0,0,1
The GOP is voting to undo Obamacare without knowing how many people would lose health insurance,0,0,0,1
GOP lawmaker admits not reading 'every word' of healthcare bill,0,0,0,1
Demonetisation,0,0,0,1
"School Teachers Can’t Wear T-Shirts, Chew Pan Or Use Phone Unnecessarily, Orders UP CM Yogi ~ NonStop Masala",0,0,0,1
After Result Reaction /Sarcastic/,0,0,0,1
PM Modi says a donkey is inspirational,0,0,0,1
BJP Goa announces 21 shortlisted candidates,0,0,0,1
Kill them all: The Art of Genocide,0,0,0,1
dirty politics!!,0,0,0,1
TIME Person of the Year Poll Results: Narendra Modi Wins,0,0,0,1
Black money,0,0,0,1
Can Pakistan or anyone not print the fake currency notes of new ₹2000 and ₹500....????,0,0,0,1
Dirty Politics,0,0,0,1
"Indian citizen arrested for controversial FB posts on PM Modi, RSS leaders",0,0,0,1
"Twitteratis hail Indian Army, Modi for surgical strikes",0,0,0,1
What gave rise to the Kaveri River Dispute,0,0,0,1
"15 August 2016 Independence Day in India, Share and Celebrate...",0,0,0,1
List of Chief Ministers in India,0,0,0,1
Srinagar school in trouble for ‘banning’ Islamic dress,0,0,0,1
Does Bangladeshi People hate Indians?,0,0,0,1
Are you with Modi's - 'congress mukt bharat',0,0,0,1
JNU Student logic,0,0,0,1
(NEW!) Big Fat White Whore Fucks And Sucks Big Black Dick In Hotel IzHfQf0r,0,0,0,1
स्मृति इरानी ने संसद में हेट स्पीच दिया है : जेएऩयू मामले का आरोपी,0,0,0,1
Modi's joke on Manmohan - Killer,0,0,0,1
Property Rights or Democracy: Cajamarca votes against AngloGold Ashanti,0,0,0,1
The Vitriol That Is American Politics,0,0,0,1
Developers now have an API to check Trump's prison status,0,0,0,1
(Video) The Real Reason Why Snoop Dogg Hate’s President Trump? #LavenderVideo,0,0,0,1
Miami Ad School Students Highlight Products Made by Refugees in a Clever Sticker Campaign,0,0,0,1
Don’t Let Them Eat Cake: Maduro’s War Against Bakeries,0,0,0,1
Does the Muslim ban make us safer? An exploration of terrorism data,0,0,0,1
Dutch Election (with a Dutch Donald Trump leading in the polls) coming up. Here's all you need to know.,0,0,0,1
Charles Benninghoff: Stop Funding Refugees Until They Can Be VettedC. Charles Benninghoff: Stop Funding Refugees Until They Can Be Vetted,0,0,0,1
Is Ecuador in the door of a political crisis?,0,0,0,1
"Venezuela latest delay in delivering oil to Russia and China, will make Maduro lost their support?",0,0,0,1
New Political Party to Take on Trump,0,0,0,1
SHOCKING NEWS: Vladimir Putin caught doing COCAINE,0,0,0,1
Puppet Prime Minister - Canadian Politics 101,0,0,0,1
Monday Night Talk 10-31-2016 featuring Massachusetts 9th Congressional District Forum,0,0,0,1
"Veritas video subersive that says “Yeah, and nobody is really supposed to know about me.” has been doing dirty work for a long time.",0,0,0,1
Unconditional Free Income due to #AI eliminating jobs... spot.com,0,0,0,1
Trump or Hillary? Who to Vote for this Election,0,0,0,1
Did Clinton propose drone strike against Julian Assange??,0,0,0,1
"Hear Otzi The Iceman Speak Again After 5,000 Years Of Silence",0,0,0,1
Slimepot Hillary Clinton,0,0,0,1
DNC Leak Reveals System for Automated Voter Fraud,0,0,0,1
Hillary: 'RAISE TAXES ON THE MIDDLE CLASS!' - How to Waste Your Life RANT,0,0,0,1
The Media Forgets,0,0,0,1
Jill Stein will put Snowden in her cabinet if elected,0,0,0,1
"Dem tells GOP colleague: Turn on your phone, take calls on TrumpCare",0,0,0,1
Good news! Congress has awakened granparents by repealing the affordable care act.,0,0,0,1
Watch: Chris Collins admits he didn't read health care bill,0,0,0,1
US faith leaders unite to decry Donald Trump’s ‘weaponisation of religion’,0,0,0,1
He's an embarrassment': hostile welcome for Trump on return to New York,0,0,0,1
"U.S. will lose jobs if it quits Paris climate deal: U.N. - China, India and Europe will snap up the best power sector jobs in future",0,0,0,1
History Will Remember These 217 House Republicans for Their Inhumanity,0,0,0,1
Health Care Vote Could Threaten Republican House Majority,0,0,0,1
Islamic State magazine steers jihadists to U.S. gun shows for ‘easy’ access to weapons,0,0,0,1
House Republicans just passed a bill that would take health insurance from millions,0,0,0,1
Sanders: Thousands will die if bill becomes law,0,0,0,1
This Is The Horrific Violence Trump Is Forcing Central American Refugees To Return To,0,0,0,1
GOP prioritizing of tax cuts over health care seen in new bill,0,0,0,1
Did Republicans just wave bye-bye to their House majority?,0,0,0,1
Trump's religious freedom order may give opponents an unintended boost,0,0,0,1
Trump names a birth control czar who doesn’t believe in birth control,0,0,0,1
Gov. McAuliffe: 'People will die if' Obamacare repeal becomes law,0,0,0,1
Did a selfie accidentally reveal the administration’s plan to halt all visas?,0,0,0,1
It’s Not Too Late To Save Net Neutrality From a Captured FCC,0,0,0,1
Democrats Use Trumpcare Vote as 2018 Call to Arms,0,0,0,1
Even red states are wary of ditching Obamacare protections,0,0,0,1
Trump fumes while Canada’s dairy farmers enjoy renewed industry investment,0,0,0,1
Is a Grand Jury Now Looking into Trump?,0,0,0,1
Fox News hit with new gender discrimination suit,0,0,0,1
Virginia gov on GOP health bill: ‘People are going to lose their lives’,0,0,0,1
"Doing Wall Street's bidding, congressional Republicans try to snuff state-run retirement plans",0,0,0,1
"Nancy Pelosi calls GOP health care bill ""Robin Hood in reverse""",0,0,0,1
May 2017 Meta Thread,0,0,0,1
House Republican didn’t know the health care bill he voted for could cost his state $3 billion,0,0,0,1
"I was raped. Thanks to Republicans, I could be denied insurance for surviving.",0,0,0,1
Atheists Sue President Trump Over His ‘Religious Liberty’ Executive Order,0,0,0,1
"At FDA, TVs now turned to Fox News and can't be switched",0,0,0,1
"CNN, ABC, CBS and NBC all refuse to run 'fake news' Trump ad",0,0,0,1
A Government Official Said The Trump Administration Ordered All Their Agency's TVs To Display Fox News,0,0,0,1
Republicans who voted to repeal Obamacare are hiding from their constituents,0,0,0,1
"Got Asthma? That'll Cost You $4,000 Extra Under the Republican Plan",0,0,0,1
"“I’ve never seen anything like this"": progressives see huge donation spike after AHCA vote",0,0,0,1
Donald Trump forced to sign budget that doesn't include single cent for his promised wall,0,0,0,1
Ellen DeGeneres: President Trump Not Welcome on My Show,0,0,0,1
It’s easy to win if you don’t care what you’ve won,0,0,0,1
Glenn Beck: GOP bill will ‘make healthcare worse’,0,0,0,1
Senate Asks Trump Associates for Records of Communication with Russians,0,0,0,1
Poll: Americans want shorter presidential campaigns,0,0,0,1
Trump: 'Everybody' has better healthcare than US,0,0,0,1
Poll: Most federal employees disapprove of Trump,0,0,0,1
"Congress, law enforcement officials concerned Russia is trying to discredit FBI probe",0,0,0,1
This Website Will Mail Your Ashes To The GOP If Trumpcare Kills You. Really.,0,0,0,1
State Dept. takes down retweet promoting Ivanka Trump’s book,0,0,0,1
Flynn was warned by Trump transition officials about contacts with Russian ambassador,0,0,0,1
House Republicans Have a Simple Strategy to Defend the Health-Care Bill: Lying,0,0,0,1
"Trump admits single-payer system provides ""better health care than we do""",0,0,0,1
The Senate sent a revealing list of demands to Carter Page about his Russia ties,0,0,0,1
Mayoral candidate Bo Dietl admits Fox News hired him to dig up dirt on women making sexual harassment claims,0,0,0,1
Trump has now made 33 visits to Trump-branded properties since his inauguration,0,0,0,1
Trump Army secretary nominee withdraws,0,0,0,1
Republicans' fingerprints are all over Obamacare premium increases,0,0,0,1
Biden on ObamaCare repeal: 'Day of shame in Congress',0,0,0,1
The 'Health Care' Bill the House Just Passed Makes Being a Woman a Pre-Existing Condition,0,0,0,1
Trump and Bannon ‘Personally Intervened’ to Save Seb Gorka,0,0,0,1
Trump has been sued 134 times in federal court since Inauguration Day,0,0,0,1
How Trump's Unhealthy Obsession With Obama Risks American Lives,0,0,0,1
$4 million and counting: Democrats have raised millions in the hours since the House passed Trumpcare,0,0,0,1
Trumpcare Could Help Build a House Democratic Wave for 2018,0,0,0,1
All Major TV Networks Block Trump’s ‘Fake News’ Ad,0,0,0,1
"Federal employees are being forced to watch Fox News, according to leaked email",0,0,0,1
"After promising to cooperate, ex-Trump adviser Carter Page doesn’t immediately provide Russia details to Senate",0,0,0,1
The Senate Has a Working Group to Repeal Obamacare. It Apparently Includes Zero Women.,0,0,0,1
Trump administration orders FDA to only watch Fox News,0,0,0,1
Oil company Santos admits business plan is based on 4C temperature rise,0,0,0,1
G.O.P. House Candidate in Montana Is Caught on Tape Praising Health Bill,0,0,0,1
The GOP never intended to protect preexisting conditions,0,0,0,1
No women among senators working on ObamaCare repeal bill,0,0,0,1
New York Hates You!': Protests swell as Trump makes first hometown visit,0,0,0,1
Bernie Sanders laughs as Donald Trump admits universal healthcare is better,0,0,0,1
Is a Grand Jury Now Looking into Trump? | The Resistance with Keith Olbermann | GQ,0,0,0,1
Obamacare repeal is class warfare,0,0,0,1
"Yesterday, Republicans partied about their vote. Now comes the brutal hangover.",0,0,0,1
I Tweeted a Photo of the Trump Rally Crowd - and Then Things Got Crazy,0,0,0,1
Mark Green has withdrawn his name from consideration as President Donald Trump's U.S. Army Secretary's nominee,0,0,0,1
CNN Taunts Trump And The GOP With ‘Schoolhouse Rock’,0,0,0,1
Trump-Russia investigation reignites as Senate asks aides to hand over notes,0,0,0,1
Senate Committee Asks Carter Page to Reveal Russian Contacts,0,0,0,1
The Obama economy continues: Unemployment reaches a 10-year low three months into Trump’s term,0,0,0,1
"CNN's Bash: Trump will take credit for jobs report ""whether he deserves it or not""",0,0,0,1
"From acne to pregnancy, here's every 'preexisting condition' that could get you denied insurance under Trump's new healthcare bill",0,0,0,1
Trumpcare: At least three Republicans didn't read bill that passed House by one extra vote,0,0,0,1
Even Republican doctors oppose discrimination against people with preexisting medical conditions,0,0,0,1
Whats in the AHCA: A 300 Billion dollar tax break on investment income.,0,0,0,1
"Trumpcare is 'Robin Hood in reverse' and takes $600bn from working families, says Nancy Pelosi",0,0,0,1
Trump's 2nd Nominee for Army Secretary Withdraws,0,0,0,1
Anti-vaccine activists spark a state’s worst measles outbreak in decades,0,0,0,1
"With Trumpcare, the Republican Party Showed Its Only Loyalty Is to the Rich",0,0,0,1
Cook Report Moves 20 House Seats In Dems’ Favor After O’Care Repeal Vote,0,0,0,1
ISIS To Recruits: Buying Guns In The U.S. Is 'Very Simple',0,0,0,1
Charles Krauthammer: Trump’s unforced errors are embarrassing. His bad choices could be catastrophic,0,0,0,1
Trump’s forbidden love: Single-payer health care,0,0,0,1
People Are Sharing Their Pre-Existing Conditions To Protest Trumpcare On Twitter,0,0,0,1
Scott Walker floats dropping pre-existing condition rules,0,0,0,1
"RIP the People’s House, 1789–2017",0,0,0,1
States That Voted for Trump May Have the Most to Lose Under House Health Care Bill,0,0,0,1
Look at these Republicans celebrating a bill that will gut health care for millions,0,0,0,1
LA City Council Passes Resolution To Back Trump Impeachment Investigation,0,0,0,1
"As Federal Probe of Fox Expands, Report Shows New Details of Spying, Intimidation",0,0,0,1
State Department Official Hired by Trump Was Accused of Sexual Assault by 5 Different Students,0,0,0,1
Republican didn’t read health care repeal bill because he “just got back from baseball practice”,0,0,0,1
"Trump: I’m staying at NJ golf club to avoid disrupting NYC, save money",0,0,0,1
A bunch of House Republicans admitted they didn't read the GOP healthcare bill,0,0,0,1
Senate Asks Trump Associates for Records of Communication With Russians,0,0,0,1
Calif. moves toward earlier presidential primary. California legislators voted Thursday to hold the state’s next presidential primary just after early contests in Iowa and New Hampshire.,0,0,0,1
Progressive Groups Are Basically Printing Money After the Health Care Vote,0,0,0,1
Moderate Republicans Are Wimps,0,0,0,1
TRUMP Act would put Trump's New York tax returns online,0,0,0,1
"House-passed GOP health care plan is 'unconstitutional,' NY attorney general says",0,0,0,1
Stephen Colbert to be investigated by FCC after 'offensive' Trump joke,0,0,0,1
"So much winning: Trump No. 1 most-mocked president on late shows, study finds",0,0,0,1
Americans Now View Health Care as a Right. Republicans Can’t Change That.,0,0,0,1
Seattle restored ISP privacy rules in the first local blow to Trump’s rollback,0,0,0,1
Trump says Obamacare is broken. He’s the one who broke it.,0,0,0,1
Planned Parenthood head: 'Being a woman is now a pre-existing condition',0,0,0,1
Dear France: You Just Got Hacked. Don’t Make The Same Mistakes We Did.,0,0,0,1
Repeal and Replace the Republican Party,0,0,0,1
World Class Hypocrite Jason Chaffetz Wants to Rescind Obama's Pension Over Speaking Fees,0,0,0,1
Lots of Trump's Executive Orders Don't Do Anything,0,0,0,1
Billionaires will benefit from Trump's tax plan the most,0,0,0,1
"More Than Half of Americans Reportedly Have Less Than $1,000 to Their Name",0,0,0,1
Colbert under investigation by FCC for his mean words against Trump,0,0,0,1
You betrayed us' billboards targeting anti-privacy lawmakers erected,0,0,0,1
"In break with tradition, Trump won't host Cinco de Mayo celebration at White House",0,0,0,1
Trump suggests financing program for historically black colleges may be unconstitutional,0,0,0,1
NY state senator's bill would force Trump's tax returns to go public,0,0,0,1
"Trump: I Love All Socialist Health Care, Not Just Australian Single-Payer",0,0,0,1
Mexican Drug Smugglers to Trump: Thanks!,0,0,0,1
LA City Council votes to support President Trump impeachment.,0,0,0,1
Trump pushes back against ban on state medical marijuana interference,0,0,0,1
This TV ad should scare every Republican who voted for the House health care bill,0,0,0,1
New York AG: I'll sue if Senate passes ObamaCare repeal,0,0,0,1
Canada weighing multiple trade actions against U.S. over softwood lumber dispute,0,0,0,1
Employer insurance plans threatened by GOP health-care bill,0,0,0,1
Trump warns he might not obey provisions on Guantánamo and pot in new spending law,0,0,0,1
"Senate GOP launches health care repeal team with 13 men, 0 women",0,0,0,1
"After Trumpcare Vote, GOP Lawmakers to Face Angry Voters During 'Payback Recess'",0,0,0,1
GOP targets Warren as liberal supervillain,0,0,0,1
GOP Uses Health Care As Means to Tax Cuts,0,0,0,1
EPA administrator will recuse himself from lawsuits he brought against agency,0,0,0,1
"CIA Director calls WikiLeaks an “enemy,” says Assange has “no First Amendment freedoms”",0,0,0,1
Los Angeles City Council Pushes For Trump Impeachment Probe,0,0,0,1
Ivanka Trump Wrote a Painfully Oblivious Book for Basically No One,0,0,0,1
Trumpcare Will Make the Opioid Crisis Worse,0,0,0,1
The American Health Care Act Makes Unsustainable Cuts to Medicaid,0,0,0,1
GOP rep.: Nobody dies from no health care,0,0,0,1